{
  "num_nodes": 51,
  "embedding_dim": 64,
  "top_k": 5,
  "node_names": [
    "FIT101",
    "LIT101",
    "MV101",
    "P101",
    "P102",
    "AIT201",
    "AIT202",
    "AIT203",
    "FIT201",
    "MV201",
    "P201",
    "P202",
    "P203",
    "P204",
    "P205",
    "P206",
    "DPIT301",
    "FIT301",
    "LIT301",
    "MV301",
    "MV302",
    "MV303",
    "MV304",
    "P301",
    "P302",
    "AIT401",
    "AIT402",
    "FIT401",
    "LIT401",
    "P401",
    "P402",
    "P403",
    "P404",
    "UV401",
    "AIT501",
    "AIT502",
    "AIT503",
    "AIT504",
    "FIT501",
    "FIT502",
    "FIT503",
    "FIT504",
    "P501",
    "P502",
    "PIT501",
    "PIT502",
    "PIT503",
    "FIT601",
    "P601",
    "P602",
    "P603"
  ],
  "similarity_stats": {
    "mean": 0.6539320349693298,
    "std": 0.28630056977272034,
    "min": -0.5919771194458008,
    "max": 1.000000238418579
  }
}